sampleID,D13s160_allele1,D13s160_allele2,D4s111_allele1,D4s111_allele2,D8s260_allele1,D8s260_allele2,Leon15_allele1,Leon15_allele2,Leon2_allele1,Leon2_allele2,Leon21_allele1,Leon21_allele2,Leon26_allele1,Leon26_allele2,LL1118_allele1,LL1118_allele2,Locus51_allele1,Locus51_allele2,SB30_allele1,SB30_allele2,SB38_allele1,SB38_allele2
AO-B-AP,243,247,139,142,198,198,313,316,201,203,371,371,241,247,179,197,92,99,85,85,133,135
AO-B-JU,239,243,137,139,192,198,272,308,201,203,371,371,241,247,177,197,92,97,85,90,133,135
AO-B-NV,237,255,139,142,198,202,304,307,201,203,371,385,241,257,171,187,99,109,85,85,129,129
AO-R-CR,239,255,137,139,192,202,287,304,199,203,371,371,241,253,179,187,90,109,85,90,129,133
AO-R-NV,239,243,137,139,192,202,272,287,199,201,371,385,247,253,177,179,90,97,85,90,129,133
AP-B-AO,247,253,133,139,192,198,274,291,188,203,381,383,255,261,177,185,97,97,85,96,133,142
AP-B-CR,237,247,133,144,198,198,272,274,188,201,371,383,228,257,181,213,92,97,83,96,133,133
AP-B-LV,243,247,137,139,192,192,274,291,201,203,381,385,247,255,177,185,90,97,85,90,129,142
AP-B-MO,243,247,137,139,192,192,272,307,186,201,379,381,247,251,175,177,97,99,85,90,133,133
AP-B-OX,237,253,133,144,198,198,272,274,188,201,359,371,228,257,169,177,92,92,85,96,133,133
AP-R-AP,237,253,133,135,198,198,274,274,188,205,359,383,257,261,177,181,92,97,96,96,131,133
AP-R-JU,237,247,135,137,192,198,274,291,203,205,381,383,255,261,177,181,97,97,90,96,129,131
AP-R-NV,237,243,133,139,192,198,274,291,203,205,359,385,255,257,177,181,97,97,90,96,131,142
AP-X-JU1,253,253,133,139,192,198,274,291,188,203,381,381,257,261,177,185,97,97,85,96,133,142
CR-B-LV,239,247,135,135,192,205,272,274,197,207,371,381,239,263,179,187,97,97,85,92,133,142
CR-B-VO,239,247,135,139,198,205,274,274,201,207,381,381,251,263,187,187,92,97,92,96,129,133
CR-R-CR,239,247,139,142,192,205,291,291,199,205,373,383,228,265,171,185,92,97,85,113,129,129
CR-R-MP,239,245,139,142,192,202,274,291,197,201,371,383,228,239,179,185,92,99,85,109,129,129
LV-B-CR,243,245,137,144,192,192,272,274,199,199,381,385,253,263,197,201,97,99,85,96,129,133
LV-B-MO,239,247,135,135,192,192,312,340,186,205,371,379,253,257,195,201,90,107,85,85,129,137
LV-B-VO,233,253,135,139,198,200,269,312,199,203,371,373,228,253,179,181,97,97,85,90,129,137
LV-R-NV,243,251,118,137,192,198,295,296,203,203,371,371,247,253,183,211,95,99,83,111,129,133
LV-X-INB,243,245,137,144,192,198,274,296,199,203,371,381,247,253,183,197,95,97,96,111,129,133
MO-B-LV,247,249,137,139,192,198,272,295,203,203,371,379,228,251,169,199,92,92,83,96,131,131
MO-R-NV,247,253,135,139,198,205,272,295,197,201,379,385,257,263,169,193,95,97,85,111,129,131
NV-B-AP,237,249,139,142,192,198,291,296,201,205,373,381,239,257,171,197,95,107,85,111,129,135
NV-B-CR,243,251,118,135,192,192,272,312,186,203,379,383,245,257,173,193,95,99,85,85,129,129
NV-B-LV,243,251,139,142,198,198,291,340,199,201,373,385,247,257,169,193,95,99,85,111,129,137
NV-B-MO,237,249,135,142,192,198,272,296,201,205,371,371,228,239,171,197,92,97,83,90,133,135
NV-B-MP,237,249,135,142,192,198,272,282,197,205,371,381,229,239,189,197,92,97,83,111,133,135
NV-B-NV,241,243,135,139,192,198,293,312,186,201,379,383,245,249,193,197,97,99,85,85,129,131
NV-B-NV2,243,245,137,139,198,202,291,322,197,201,371,371,253,259,185,187,92,97,85,115,137,142
NV-B-VP,237,239,139,146,192,198,287,307,201,201,371,381,228,251,169,177,99,107,83,96,131,133
NV-R-JU,237,241,139,146,192,198,287,312,201,205,371,381,228,249,169,169,97,107,85,96,131,133
NV-R-JU1,243,249,142,142,198,198,291,296,197,201,371,385,239,257,193,197,99,107,85,111,129,135
NV-R-JU2,239,243,139,142,198,200,291,296,199,205,381,385,239,257,171,171,99,107,85,90,129,135
NV-R-LV,239,249,142,142,192,198,272,296,197,205,371,381,228,239,171,197,92,107,90,111,133,135
NV-R-VO,249,251,142,142,192,192,272,272,186,205,371,381,228,228,181,197,97,107,83,111,133,133
VO-B-AP,241,253,135,144,192,198,272,272,205,205,371,379,249,257,193,201,95,95,111,111,129,133
VO-B-JU,239,251,118,139,198,199,272,312,203,205,371,371,251,257,179,181,95,107,85,90,131,133
VO-B-MO,247,249,137,142,192,198,291,295,197,205,381,381,228,251,187,187,97,107,88,115,131,131
VO-R-AO,243,253,139,142,198,198,272,291,205,205,381,385,228,265,181,201,95,107,90,113,129,133
VO-R-JU1,239,253,118,135,198,199,272,295,201,203,371,381,228,239,181,201,107,107,85,111,131,133
VO-R-JU2,239,253,144,146,192,198,272,296,201,201,379,381,247,257,152,189,95,97,85,111,129,133
VO-R-LV,251,253,135,139,198,198,272,291,201,205,371,385,228,257,181,193,95,107,90,111,129,133