"uniqueGroup","rowType","uniqueIndex","matchIndex","nUniqueGroup","alleleMismatch","matchThreshold","cutHeight","Psib","score","D13s160_allele1","D13s160_allele2","D4s111_allele1","D4s111_allele2","D8s260_allele1","D8s260_allele2","Leon15_allele1","Leon15_allele2","Leon2_allele1","Leon2_allele2","Leon21_allele1","Leon21_allele2","Leon26_allele1","Leon26_allele2","LL1118_allele1","LL1118_allele2","Locus51_allele1","Locus51_allele2","SB30_allele1","SB30_allele2","SB38_allele1","SB38_allele2"
"1","UNIQUE","AO-B-AP","AO-B-AP","1","3","0.863636363636364","0.136363636363636","1.84860981555187e-05","","243","247","139","142","198","198","313","316","201","203","371","371","241","247","179","197","92","99","85","85","133","135"
"2","UNIQUE","AO-B-JU","AO-B-JU","1","3","0.863636363636364","0.136363636363636","2.40424121261903e-05","","239","243","137","139","192","198","272","308","201","203","371","371","241","247","177","197","92","97","85","90","133","135"
"3","UNIQUE","AO-B-NV","AO-B-NV","1","3","0.863636363636364","0.136363636363636","1.0194857169362e-05","","237","255","139","142","198","202","304","307","201","203","371","385","241","257","171","187","99","109","85","85","129","129"
"4","UNIQUE","AO-R-CR","AO-R-CR","1","3","0.863636363636364","0.136363636363636","7.54611732659675e-06","","239","255","137","139","192","202","287","304","199","203","371","371","241","253","179","187","90","109","85","90","129","133"
"5","UNIQUE","AO-R-NV","AO-R-NV","1","3","0.863636363636364","0.136363636363636","1.40333929204176e-05","","239","243","137","139","192","202","272","287","199","201","371","385","247","253","177","179","90","97","85","90","129","133"
"6","UNIQUE","AP-B-AO","AP-B-AO","2","3","0.863636363636364","0.136363636363636","1.17769773355111e-05","","247","253","133","139","192","198","274","291","188","203","381","383","255","261","177","185","97","97","85","96","133","142"
"6","MATCH","AP-B-AO","AP-X-JU1","2","3","0.863636363636364","0.136363636363636","","0.86","253","253","133","139","192","198","274","291","188","203","381","381","257","261","177","185","97","97","85","96","133","142"
"7","UNIQUE","AP-B-CR","AP-B-CR","1","3","0.863636363636364","0.136363636363636","1.38390285008131e-05","","237","247","133","144","198","198","272","274","188","201","371","383","228","257","181","213","92","97","83","96","133","133"
"8","UNIQUE","AP-B-LV","AP-B-LV","1","3","0.863636363636364","0.136363636363636","1.28554935997018e-05","","243","247","137","139","192","192","274","291","201","203","381","385","247","255","177","185","90","97","85","90","129","142"
"9","UNIQUE","AP-B-MO","AP-B-MO","1","3","0.863636363636364","0.136363636363636","1.38947074490151e-05","","243","247","137","139","192","192","272","307","186","201","379","381","247","251","175","177","97","99","85","90","133","133"
"10","UNIQUE","AP-B-OX","AP-B-OX","1","3","0.863636363636364","0.136363636363636","1.47908081618218e-05","","237","253","133","144","198","198","272","274","188","201","359","371","228","257","169","177","92","92","85","96","133","133"
"11","UNIQUE","AP-R-AP","AP-R-AP","1","3","0.863636363636364","0.136363636363636","8.39752995888894e-06","","237","253","133","135","198","198","274","274","188","205","359","383","257","261","177","181","92","97","96","96","131","133"
"12","UNIQUE","AP-R-JU","AP-R-JU","1","3","0.863636363636364","0.136363636363636","1.35557407588392e-05","","237","247","135","137","192","198","274","291","203","205","381","383","255","261","177","181","97","97","90","96","129","131"
"13","UNIQUE","AP-R-NV","AP-R-NV","1","3","0.863636363636364","0.136363636363636","1.07496687175589e-05","","237","243","133","139","192","198","274","291","203","205","359","385","255","257","177","181","97","97","90","96","131","142"
"14","UNIQUE","CR-B-LV","CR-B-LV","1","3","0.863636363636364","0.136363636363636","9.55244996510142e-06","","239","247","135","135","192","205","272","274","197","207","371","381","239","263","179","187","97","97","85","92","133","142"
"15","UNIQUE","CR-B-VO","CR-B-VO","1","3","0.863636363636364","0.136363636363636","1.01474639038775e-05","","239","247","135","139","198","205","274","274","201","207","381","381","251","263","187","187","92","97","92","96","129","133"
"16","UNIQUE","CR-R-CR","CR-R-CR","1","3","0.863636363636364","0.136363636363636","8.69081031600427e-06","","239","247","139","142","192","205","291","291","199","205","373","383","228","265","171","185","92","97","85","113","129","129"
"17","UNIQUE","CR-R-MP","CR-R-MP","1","3","0.863636363636364","0.136363636363636","1.00436698944792e-05","","239","245","139","142","192","202","274","291","197","201","371","383","228","239","179","185","92","99","85","109","129","129"
"18","UNIQUE","LV-B-CR","LV-B-CR","1","3","0.863636363636364","0.136363636363636","1.14188495938617e-05","","243","245","137","144","192","192","272","274","199","199","381","385","253","263","197","201","97","99","85","96","129","133"
"19","UNIQUE","LV-B-MO","LV-B-MO","2","3","0.863636363636364","0.136363636363636","8.18027594293e-06","","239","247","135","135","192","192","312","340","186","205","371","379","253","257","195","201","90","107","85","85","129","137"
"19","MATCH","LV-B-MO","LV-B-N1A","2","3","0.863636363636364","0.136363636363636","","0.91","239","239","135","135","192","192","312","312","186","205","371","379","253","257","195","201","90","107","85","85","129","137"
"20","UNIQUE","LV-B-VO","LV-B-VO","1","3","0.863636363636364","0.136363636363636","8.59643910487845e-06","","233","253","135","139","198","200","269","312","199","203","371","373","228","253","179","181","97","97","85","90","129","137"
"21","UNIQUE","LV-R-NV","LV-R-NV","1","3","0.863636363636364","0.136363636363636","9.73776891434072e-06","","243","251","118","137","192","198","295","296","203","203","371","371","247","253","183","211","95","99","83","111","129","133"
"22","UNIQUE","LV-X-INB","LV-X-INB","1","3","0.863636363636364","0.136363636363636","1.35508165097362e-05","","243","245","137","144","192","198","274","296","199","203","371","381","247","253","183","197","95","97","96","111","129","133"
"23","UNIQUE","MO-B-LV","MO-B-LV","1","3","0.863636363636364","0.136363636363636","9.15931631902067e-06","","247","249","137","139","192","198","272","295","203","203","371","379","228","251","169","199","92","92","83","96","131","131"
"24","UNIQUE","MO-R-CR","MO-R-CR","2","3","0.863636363636364","0.136363636363636","1.51937762022939e-05","","239","253","144","146","198","198","272","296","201","201","379","381","247","257","152","189","95","97","85","111","129","133"
"24","MATCH","MO-R-CR","VO-R-JU2","2","3","0.863636363636364","0.136363636363636","","0.95","239","253","144","146","192","198","272","296","201","201","379","381","247","257","152","189","95","97","85","111","129","133"
"25","UNIQUE","MO-R-MP","MO-R-MP","2","3","0.863636363636364","0.136363636363636","1.21510976398591e-05","","239","253","118","135","198","199","272","295","201","203","371","381","228","239","181","201","107","107","85","111","131","133"
"25","MATCH","MO-R-MP","VO-R-JU1","2","3","0.863636363636364","0.136363636363636","1.21510976398591e-05","1","239","253","118","135","198","199","272","295","201","203","371","381","228","239","181","201","107","107","85","111","131","133"
"26","UNIQUE","MO-R-NV","MO-R-NV","1","3","0.863636363636364","0.136363636363636","1.02770551642647e-05","","247","253","135","139","198","205","272","295","197","201","379","385","257","263","169","193","95","97","85","111","129","131"
"27","UNIQUE","NV-B-AP","NV-B-AP","1","3","0.863636363636364","0.136363636363636","1.46189556707086e-05","","237","249","139","142","192","198","291","296","201","205","373","381","239","257","171","197","95","107","85","111","129","135"
"28","UNIQUE","NV-B-CR","NV-B-CR","1","3","0.863636363636364","0.136363636363636","8.26316311018062e-06","","243","251","118","135","192","192","272","312","186","203","379","383","245","257","173","193","95","99","85","85","129","129"
"29","UNIQUE","NV-B-LV","NV-B-LV","1","3","0.863636363636364","0.136363636363636","9.89111744872759e-06","","243","251","139","142","198","198","291","340","199","201","373","385","247","257","169","193","95","99","85","111","129","137"
"30","UNIQUE","NV-B-MO","NV-B-MO","1","3","0.863636363636364","0.136363636363636","1.95618594836787e-05","","237","249","135","142","192","198","272","296","201","205","371","371","228","239","171","197","92","97","83","90","133","135"
"31","UNIQUE","NV-B-MP","NV-B-MP","1","3","0.863636363636364","0.136363636363636","1.13011590565196e-05","","237","249","135","142","192","198","272","282","197","205","371","381","229","239","189","197","92","97","83","111","133","135"
"32","UNIQUE","NV-B-NV","NV-B-NV","1","3","0.863636363636364","0.136363636363636","1.04698975526831e-05","","241","243","135","139","192","198","293","312","186","201","379","383","245","249","193","197","97","99","85","85","129","131"
"33","UNIQUE","NV-B-NV2","NV-B-NV2","1","3","0.863636363636364","0.136363636363636","7.16054614416135e-06","","243","245","137","139","198","202","291","322","197","201","371","371","253","259","185","187","92","97","85","115","137","142"
"34","UNIQUE","NV-B-VP","NV-B-VP","1","3","0.863636363636364","0.136363636363636","1.20554207110424e-05","","237","239","139","146","192","198","287","307","201","201","371","381","228","251","169","177","99","107","83","96","131","133"
"35","UNIQUE","NV-R-JU","NV-R-JU","1","3","0.863636363636364","0.136363636363636","1.55752981115849e-05","","237","241","139","146","192","198","287","312","201","205","371","381","228","249","169","169","97","107","85","96","131","133"
"36","UNIQUE","NV-R-JU1","NV-R-JU1","1","3","0.863636363636364","0.136363636363636","1.46574886731898e-05","","243","249","142","142","198","198","291","296","197","201","371","385","239","257","193","197","99","107","85","111","129","135"
"37","UNIQUE","NV-R-JU2","NV-R-JU2","1","3","0.863636363636364","0.136363636363636","1.00002065689457e-05","","239","243","139","142","198","200","291","296","199","205","381","385","239","257","171","171","99","107","85","90","129","135"
"38","UNIQUE","NV-R-LV","NV-R-LV","1","3","0.863636363636364","0.136363636363636","1.46926148399088e-05","","239","249","142","142","192","198","272","296","197","205","371","381","228","239","171","197","92","107","90","111","133","135"
"39","UNIQUE","NV-R-VO","NV-R-VO","1","3","0.863636363636364","0.136363636363636","1.75065926178819e-05","","249","251","142","142","192","192","272","272","186","205","371","381","228","228","181","197","97","107","83","111","133","133"
"40","UNIQUE","VO-B-AP","VO-B-AP","1","3","0.863636363636364","0.136363636363636","1.25957986755008e-05","","241","253","135","144","192","198","272","272","205","205","371","379","249","257","193","201","95","95","111","111","129","133"
"41","UNIQUE","VO-B-JU","VO-B-JU","1","3","0.863636363636364","0.136363636363636","1.2615975800014e-05","","239","251","118","139","198","199","272","312","203","205","371","371","251","257","179","181","95","107","85","90","131","133"
"42","UNIQUE","VO-B-MO","VO-B-MO","1","3","0.863636363636364","0.136363636363636","7.81874259523354e-06","","247","249","137","142","192","198","291","295","197","205","381","381","228","251","187","187","97","107","88","115","131","131"
"43","UNIQUE","VO-R-AO","VO-R-AO","1","3","0.863636363636364","0.136363636363636","1.49906328007659e-05","","243","253","139","142","198","198","272","291","205","205","381","385","228","265","181","201","95","107","90","113","129","133"
"44","UNIQUE","VO-R-LV","VO-R-LV","1","3","0.863636363636364","0.136363636363636","2.24372315493146e-05","","251","253","135","139","198","198","272","291","201","205","371","385","228","257","181","193","95","107","90","111","129","133"
